<?xml version="1.0" encoding="utf-8"?>
<apps>
    <app>
        <id>app1</id>
        <url>application/Matrix/Matrix.html</url>
        <name>屏幕测试</name>
        <tag>工具</tag>
        <newpage>1</newpage>
    </app>
    <app>
        <id>app2</id>
        <url>application/FlexAlbum/FlexAlbum.html</url>
        <name>相册</name>
        <tag>媒体</tag>
        <newpage>1</newpage>
    </app>
    <app>
        <id>app3</id>
        <url>application/Video/Video.html</url>
        <name>视频</name>
        <tag>媒体</tag>
        <newpage>1</newpage>
    </app>
    <app>
        <id>app4</id>
        <url>application/a-cheeky-angel/index.html</url>
        <name>鲁莽天使</name>
        <tag>专题</tag>
        <newpage>1</newpage>
    </app>
    <app>
        <id>app5</id>
        <url>application/ShuangPin/index.html</url>
        <name>双拼</name>
        <tag>工具</tag>
        <newpage>1</newpage>
    </app>
    <app>
        <id>app6</id>
        <url>https://www.chaip.org/</url>
        <name>IP检查</name>
        <tag>工具</tag>
        <newpage>1</newpage>
    </app>
    <app>
        <id>app7</id>
        <url>application/snibypass.html</url>
        <name>snibypass</name>
        <tag>工具</tag>
        <newpage>1</newpage>
    </app>
    <app>
        <id>app8</id>
        <url>javascript:void(0);</url>
        <name>敬请期待</name>
        <tag>暂未开放</tag>
        <newpage>0</newpage>
    </app>
</apps>